book_id,book_title,book_author,book_publish,parent_asin,average_rating,rating_number,img_large,isbn_10,isbn_13
3000,"The Pragmatic Programmer: Your Journey To Mastery, 20th Anniversary Edition (2nd Edition)","David Thomas,  Andrew Hunt","Addison-Wesley Professional; 2nd edition (September 13, 2019)",0135957052,4.8,2531,"https://m.media-amazon.com/images/I/51IA4hT6jrL._SX218_BO1,204,203,200_QL40_FMwebp_.jpg",0135957052,9780135957059
3001,Mastering Enterprise JavaBeans (2nd Edition),"Ed Roman,  Scott W. Ambler,  Tyler Jewell","Wiley; 2nd edition (December 14, 2001)",0471417114,4.2,52,"https://m.media-amazon.com/images/I/51TZ+jrAOQL._SX258_BO1,204,203,200_.jpg",0471417114,9780471417118
3002,"Introduction to Algorithms, 3rd Edition (The MIT Press)","Thomas H. Cormen,  Charles E. Leiserson,  Ronald L. Rivest,  Clifford Stein","The MIT Press; 3rd edition (July 31, 2009)",0262033844,4.6,2329,"https://m.media-amazon.com/images/I/41SNoh5ZhOL._SX218_BO1,204,203,200_QL40_FMwebp_.jpg",0262033844,9780262033848
3005,Computer Vision,"Linda G. Shapiro,  George C. Stockman","Pearson; 1st edition (February 2, 2001)",0130307963,4.5,7,"https://m.media-amazon.com/images/I/5157JGDNRKL._SX347_BO1,204,203,200_.jpg",0130307963,9780130307965
3006,Database Systems: The Complete Book,"Hector Garcia-Molina,  Jeffrey Ullman,  Jennifer Widom","Pearson; 2nd edition (June 5, 2008)",0131873253,4.2,56,"https://m.media-amazon.com/images/I/51kM7CkgKWL._SY291_BO1,204,203,200_QL40_FMwebp_.jpg",0131873253,9780131873254
3007,Advanced Graphics Programming Using OpenGL (The Morgan Kaufmann Series in Computer Graphics),"Tom McReynolds,  David Blythe","Morgan Kaufmann; 1st edition (February 16, 2005)",1558606599,3.7,11,"https://m.media-amazon.com/images/I/51LsxQ-YK8L._SX393_BO1,204,203,200_.jpg",1558606599,9781558606593
3010,"Introduction to Automata Theory, Languages, and Computation",John Hopcroft,"Pearson; 3rd edition (June 29, 2006)",0321455363,4.3,341,"https://m.media-amazon.com/images/I/41d4NezeXCL._SX343_BO1,204,203,200_.jpg",0321455363,9780321455369
3011,Corporate Information Strategy and Management: Text and Cases,"Lynda Applegate,  Robert Austin,  Deborah Soule","McGraw-Hill Education; 8th edition (December 22, 2008)",0073402931,4.0,62,"https://m.media-amazon.com/images/I/41nndHg5jKL._SX383_BO1,204,203,200_.jpg",0073402931,9780073402932
3012,Introducing Maya 7: 3D for Beginners,Dariush Derakhshani,"Sybex; 1st edition (November 10, 2005)",0782144349,4.0,11,"https://m.media-amazon.com/images/I/51A589QZQVL._SX218_BO1,204,203,200_QL40_FMwebp_.jpg",0782144349,9780782144345
3013,Quality Software Project Management,"Robert Futrell,  Donald Shafer,  Linda Shafer","Prentice Hall; 1st edition (January 1, 2002)",0130912972,3.6,16,"https://m.media-amazon.com/images/I/51klDxeCqKL._SX488_BO1,204,203,200_.jpg",0130912972,9780130912978
3014,TCP/IP & Linux Protocol Implementation: Systems Code for the Linux Internet,"Jon Crowcroft,  Iain Phillips","Wiley; First Edition (October 15, 2001)",0471408824,2.8,7,"https://m.media-amazon.com/images/I/51z-DvW3NfL._SX383_BO1,204,203,200_.jpg",0471408824,9780471408826
3015,"Orthopaedic Examination, Evaluation, and Intervention",Mark Dutton,"McGraw-Hill Medical; 1st edition (March 26, 2004)",0071410899,4.3,35,"https://m.media-amazon.com/images/I/41RFreT7lEL._SX218_BO1,204,203,200_QL40_FMwebp_.jpg",0071410899,9780071410892
3017,"Learning Python, 5th Edition",Mark Lutz,"O'Reilly Media; Fifth edition (July 30, 2013)",1449355730,4.5,1832,"https://m.media-amazon.com/images/I/41nRJEUxePS._SX379_BO1,204,203,200_.jpg",1449355730,9781449355739
3018,Java Enterprise Best Practices,"Robert Eckstein,  J. Steven Perry,  O'Reilly Authors (Editor)","O'Reilly Media; 1st edition (December 1, 2002)",0596003846,3.0,13,"https://m.media-amazon.com/images/I/51gS9euxSpL._SX218_BO1,204,203,200_QL40_FMwebp_.jpg",0596003846,9780596003845
3019,Oracle 10G Grid & Real Application Clusters: Oracle 10G Grid Computing With Rac (Oracle In-Focus Series),"Michael R. Ault,  Madhu Tumma","Rampant Techpress (January 1, 2004)",0974435546,3.8,17,"https://m.media-amazon.com/images/I/51z9-Zgu4kL._SX378_BO1,204,203,200_.jpg",0974435546,9780974435541
3020,"Network+ Study Guide, 4th Edition","David Groth,  To Skandier","Sybex; 4th edition (April 14, 2005)",0782144063,4.1,28,"https://m.media-amazon.com/images/I/515feD69DdL._SX414_BO1,204,203,200_.jpg",0782144063,9780782144062
3021,Communication Systems,"A. Bruce Carlson,  Paul Crilly,  Janet Rutledge","McGraw-Hill Science/Engineering/Math; 4th edition (June 25, 2001)",0070111278,4.1,30,"https://m.media-amazon.com/images/I/41qRbww6ZqL._SX396_BO1,204,203,200_.jpg",0070111278,9780070111271
3022,"The Art of Computer Programming, Vol. 1: Fundamental Algorithms, 3rd Edition",Donald Knuth,"Addison-Wesley Professional; 3rd edition (July 7, 1997)",0201896834,4.5,175,"https://m.media-amazon.com/images/I/41RlsiG0lHL._SY291_BO1,204,203,200_QL40_FMwebp_.jpg",0201896834,9780201896831
3023,Computational Complexity: A Modern Approach,"Sanjeev Arora,  Boaz Barak","Cambridge University Press; Illustrated edition (April 20, 2009)",0521424267,4.3,110,"https://m.media-amazon.com/images/I/41cw1D0RWbL._SX330_BO1,204,203,200_.jpg",0521424267,9780521424264
3024,Wireless Communications: Principles and Practice,Theodore S. Rappaport,"Prentice Hall; Subsequent edition (January 1, 2002)",0130422320,4.1,62,"https://m.media-amazon.com/images/I/51z163PaINL._SX361_BO1,204,203,200_.jpg",0130422320,9780130422323
3025,Process Redesign: The Implementation Guide for Managers,"Arthur R. Tenner,  Irving J. DeToro","Prentice Hall; First Edition (January 1, 1996)",0201633914,4.1,14,"https://m.media-amazon.com/images/I/51ZQW3Q2NNL._SX360_BO1,204,203,200_.jpg",0201633914,9780201633917
3026,"Learning PHP, MySQL & JavaScript: With jQuery, CSS & HTML5 (Learning PHP, MYSQL, Javascript, CSS & HTML5)",Robin Nixon,"O'Reilly Media; 5th edition (June 19, 2018)",1491978910,4.7,514,"https://m.media-amazon.com/images/I/51H8DtU-WTL._SX379_BO1,204,203,200_.jpg",1491978-910,9781491978917
3027,"Introduction to Java Programming and Data Structures, Comprehensive Version","Y. Liang,  Y. Daniel Liang","Pearson; 11th edition (March 1, 2017)",0134670949,4.4,279,"https://m.media-amazon.com/images/I/51Mq1FRihgL._SX218_BO1,204,203,200_QL40_FMwebp_.jpg",0134670949,9780134670942
3028,Introduction to Parallel Computing,"Ananth Grama,  Anshul Gupta,  George Karypis,  Vipin Kumar","Addison-Wesley; 2nd edition (February 4, 2003)",0201648652,4.2,57,"https://m.media-amazon.com/images/I/41fpaIn0pbL._SX376_BO1,204,203,200_.jpg",0201648652,9780201648652
3029,"Algorithms in Java, Parts 1-4","Robert Sedgewick,  John Fuller (Series Editor)","Addison-Wesley Professional; 3rd edition (July 23, 2002)",0201361205,3.9,15,"https://m.media-amazon.com/images/I/61KUHvGxlwL._SX404_BO1,204,203,200_.jpg",0201361205,9780201361209
3031,Professional Microsoft SQL Server 2012 Integration Services,"Brian Knight,  Erik Veerman,  Jessica M. Moss,  Mike Davis,  Chris Rock","Wrox; 1st edition (March 27, 2012)",111810112X,4.1,46,"https://m.media-amazon.com/images/I/51-lgVVh7EL._SX473_BO1,204,203,200_.jpg",111810112X,9781118101124
3033,Professional Microsoft SQL Server 2012 Administration,"Adam Jorgensen,  Steven Wort,  Ross LoForte,  Brian Knight","Wrox; 1st edition (April 24, 2012)",1118106881,4.0,50,"https://m.media-amazon.com/images/I/51XSP74qTmL._SX394_BO1,204,203,200_.jpg",1118106881,9781118106884
3034,Digital Image Processing Using MATLAB,"Rafael C. Gonzalez,  Richard E. Woods,  Steven L. Eddins","Pearson Prentice Hall (January 1, 2003)",0130085197,4.4,32,"https://m.media-amazon.com/images/I/51NZDWWJVJL._SX368_BO1,204,203,200_.jpg",0130085197,9780130085191
3035,Disappearing Cryptography: Information Hiding: Steganography and Watermarking (The Morgan Kaufmann Series in Software Engineering and Programming),Peter Wayner,"Morgan Kaufmann; 3rd edition (December 17, 2008)",0123744792,3.7,5,"https://m.media-amazon.com/images/I/41kxD96xjsL._SX404_BO1,204,203,200_.jpg",0123744792,9780123744791
3036,You Don't Know JS: Scope & Closures,Kyle Simpson,"O'Reilly Media; 1st edition (April 8, 2014)",1449335586,4.7,484,"https://m.media-amazon.com/images/I/41ultdqyvXL._SY291_BO1,204,203,200_QL40_FMwebp_.jpg",1449335586,9781449335588
3037,"Thinking in C++, Vol. 1: Introduction to Standard C++, 2nd Edition",Bruce Eckel,"Prentice Hall; 2nd edition (January 1, 2000)",0139798099,4.3,135,"https://m.media-amazon.com/images/I/61V67pi5UGL._SX218_BO1,204,203,200_QL40_FMwebp_.jpg",0139798099,9780139798092
3038,"Inside Network Perimeter Security: The Definitive Guide to Firewalls, Vpns, Routers, and Intrusion Detection Systems","Lenny Zeltser,  Scott Winters,  Karen Kent Frederick,  Ronald W. Ritchey,  Stephen Northcutt (Author, Editor),  Mark T. Edmead (Editor, Contributor),  Neil F. Johnson (Contributor),  Brian O'Berry (Contributor),  Daniel Martin (Contributor)","Sams; 1st edition (January 1, 2002)",0735712328,4.2,20,"https://m.media-amazon.com/images/I/51SHB36DY3L._SX382_BO1,204,203,200_.jpg",0735712328,9780735712324
3039,Penetration Tester's Open Source Toolkit,"Johnny Long,  Chris Hurley,  James C Foster,  Mike Petruzzi,  Noam Rathaus,  SensePost,  Mark Wolfgang,  Max Moser (Foreword)","Syngress Publishing; 1st edition (December 1, 2005)",1597490210,4.3,14,"https://m.media-amazon.com/images/I/51Fczh4LpQL._SX381_BO1,204,203,200_.jpg",1597490210,9781597490214
3040,English Phrasal Verbs in Use: Advanced (Vocabulary in Use),"Michael McCarthy,  Felicity O'Dell","Cambridge University Press; 1st edition (May 14, 2007)",0521684188,4.7,167,"https://m.media-amazon.com/images/I/411OmSsZkgL._SY291_BO1,204,203,200_QL40_FMwebp_.jpg",0521684188,9780521684187
3041,Network Security Essentials: Applications and Standards (4th Edition),William Stallings,"Pearson; 4th edition (March 22, 2010)",0136108059,4.2,26,"https://m.media-amazon.com/images/I/51agXGUCk-L._SX381_BO1,204,203,200_.jpg",0136108059,9780136108054
3042,Mastering Data Warehouse Design: Relational and Dimensional Techniques,"Claudia Imhoff,  Nicholas Galemmo,  Jonathan G. Geiger","Wiley; 1st edition (July 25, 2003)",0471324213,4.4,24,"https://m.media-amazon.com/images/I/51Yb2aRt8fL._SX397_BO1,204,203,200_.jpg",0471324213,9780471324218
3043,Digital Image Processing (3rd Edition),"Rafael C. Gonzalez,  Richard E. Woods","Pearson; 3rd edition (August 31, 2007)",013168728X,4.4,358,"https://m.media-amazon.com/images/I/51SNiDGflNL._SY291_BO1,204,203,200_QL40_FMwebp_.jpg",013168728X,9780131687288
3044,Mastering the Requirements Process,"Suzanne Robertson,  James Robertson","Addison-Wesley Professional; 2nd edition (January 1, 2006)",0321419499,4.0,35,"https://m.media-amazon.com/images/I/516nM9NRirL._SX376_BO1,204,203,200_.jpg",0321419499,9780321419491
3047,"CCNA: Cisco Certified Network Associate Study Guide, 5th Edition (640-801)",Todd Lammle,"Sybex; 5th edition (February 11, 2005)",0782143911,4.3,73,"https://m.media-amazon.com/images/I/51MJyLtYqnL._SX218_BO1,204,203,200_QL40_FMwebp_.jpg",0782143911,9780782143911
3049,Professional VB.NET,"Tim Rocky Lhotka; Richard Case; Whitney Hankison; Billy S. Hollis; Bill Sheldon; John Roth; Bill Forgey; Blair, Richard; Short, Scott; Barwell, Fred; Crossland, Jonathan; Reynolds, Matthew; McCarthy","Apress; 0 edition (January 1, 2001)",1861004974,3.9,16,"https://m.media-amazon.com/images/I/51FVVQDNEBL._SX376_BO1,204,203,200_.jpg",1861004974,9781861004970
3050,Data Communications and Computer Networks: A Business User's Approach,Curt White,"Cengage Learning; 8th edition (January 1, 2015)",1305116631,4.4,96,"https://m.media-amazon.com/images/I/412RkVRtuzL._SX393_BO1,204,203,200_.jpg",1305116631,9781305116634
3051,Clean Code: A Handbook of Agile Software Craftsmanship,Robert C. Martin,"Pearson; 1st edition (August 1, 2008)",0132350882,4.7,5690,"https://m.media-amazon.com/images/I/41xShlnTZTL._SX218_BO1,204,203,200_QL40_FMwebp_.jpg",0132350882,9780132350884
3052,Using Information Technology 9e Complete Edition,"Brian Williams,  Stacey Sawyer","McGraw-Hill/Irwin; 9th edition (February 23, 2010)",0073516775,4.1,15,"https://m.media-amazon.com/images/I/41R4kohP0rL._SX388_BO1,204,203,200_.jpg",0073516775,9780073516776
3054,The Practical Guide to Information Design,Ronnie Lipton,"Wiley; 1st edition (February 2, 2007)",047166295X,4.2,18,"https://m.media-amazon.com/images/I/51dN3pMfe7L._SX413_BO1,204,203,200_.jpg",047166295X,9780471662952
3056,Consumer Behavior,"Wayne D. Hoyer,  Deborah J. MacInnis,  Rik Pieters","Cengage Learning; 7th edition (January 1, 2017)",1305507274,4.3,180,"https://m.media-amazon.com/images/I/516C9t7x45L._SX218_BO1,204,203,200_QL40_FMwebp_.jpg",1305507274,9781305507272
3057,Distributed Systems: Principles and Paradigms (2nd Edition),"Andrew S. Tanenbaum,  Maarten Van Steen","Pearson; 2nd edition (October 12, 2006)",0132392275,4.3,62,"https://m.media-amazon.com/images/I/51Am0MxuXOL._SY291_BO1,204,203,200_QL40_FMwebp_.jpg",0132392275,9780132392273
3060,"Patterns, Principles, and Practices of Domain-Driven Design","Scott Millett,  Nick Tune","Wrox; 1st edition (April 24, 2015)",1118714709,4.6,205,"https://m.media-amazon.com/images/I/51IJ3hrEWQL._SX218_BO1,204,203,200_QL40_FMwebp_.jpg",1118714709,9781118714706
3061,Developer to Designer: GUI Design for the Busy Developer,Mike Gunderloy,"Sybex; 1st edition (January 21, 2005)",078214361X,3.5,6,"https://m.media-amazon.com/images/I/51gYSnN85PL._SX414_BO1,204,203,200_.jpg",078214361X,9780782143614
3062,The No-Cry Sleep Solution: Gentle Ways to Help Your Baby Sleep Through the Night,"Elizabeth Pantley,  William Sears (Foreword)","McGraw Hill; 1st edition (March 28, 2002)",0071381392,4.0,2635,"https://m.media-amazon.com/images/I/41jv7Wzn1RL._SX332_BO1,204,203,200_.jpg",0071381392,9780071381390
3065,Programming Languages: Principles and Practice,Kenneth C. Louden,"Course Technology; 2nd edition (July 16, 2002)",0534953417,3.9,11,"https://m.media-amazon.com/images/I/41xlVHRtPlL._SX333_BO1,204,203,200_.jpg",0534953417,9780534953416
3067,Discovering Our Past: A Brief Introduction to Archaeology,"Wendy Ashmore,  Robert Sharer","McGraw-Hill Education; 6th edition (March 4, 2013)",0078034914,4.6,45,"https://m.media-amazon.com/images/I/51jQPeEO7CL._SX348_BO1,204,203,200_.jpg",0078034914,9780078034916
3068,Oracle Essentials: Oracle Database 11g,"Rick Greenwald,  Robert Stackowiak,  Jonathan Stern","O'Reilly Media; Fourth edition (November 11, 2007)",0596514549,4.0,28,"https://m.media-amazon.com/images/I/51pVtRWu3NL._SX391_BO1,204,203,200_.jpg",0596514549,9780596514549
3069,Object-Oriented Software Engineering: Practical Software Development Using UML and Java,"Timothy Christian Lethbridge,  Robert Laganiere","McGraw-Hill Publishing Company; 2nd edition (December 1, 2004)",0077109082,4.3,24,,0077109082,9780077109080
3070,Software Engineering: A Practitioner's Approach,"Roger S. Pressman,  Bruce Maxim","McGraw Hill; 8th edition (January 23, 2014)",0078022126,4.3,68,,0078022126,9780078022128
3071,"Code Complete: A Practical Handbook of Software Construction, Second Edition",Steve McConnell,"Microsoft Press; 2nd edition (July 7, 2004)",0735619670,4.6,1209,"https://m.media-amazon.com/images/I/51FUYfErOXL._SX408_BO1,204,203,200_.jpg",0735619670,9780735619678
3072,Business Intelligence Roadmap: The Complete Project Lifecycle for Decision-Support Applications,"Larissa T. Moss,  Shaku Atre,  Edward Yourdon (Foreword)","Addison-Wesley Professional; 1st edition (January 1, 2003)",0201784203,4.3,52,"https://m.media-amazon.com/images/I/51rUHQzWz7L._SX389_BO1,204,203,200_.jpg",0201784203,9780201784206
3073,Machine Learning,Tom M. Mitchell,"McGraw-Hill Education; 1st edition (March 1, 1997)",0070428077,4.3,114,"https://m.media-amazon.com/images/I/31DyEvuyvBL._SY291_BO1,204,203,200_QL40_FMwebp_.jpg",0070428077,9780070428072
3075,"Art of Computer Programming, The: Seminumerical Algorithms, Volume 2",Donald Knuth,"Addison-Wesley Professional; 3rd edition (November 4, 1997)",0201896842,4.7,63,"https://m.media-amazon.com/images/I/4156VeR+V3L._SX443_BO1,204,203,200_.jpg",0201896842,9780201896848
3076,RSA Security's Official Guide to XML Security (RSA Press S.),Blake Dournaee,"McGraw-Hill Osborne Media; 1st edition (February 6, 2002)",0072193999,4.5,3,"https://m.media-amazon.com/images/I/41dDpO1HY-L._SX404_BO1,204,203,200_.jpg",0072193999,9780072193992
3077,CMMI Distilled: A Practical Introduction to Integrated Process Improvement (3rd Edition),"Dennis M. Ahern,  Aaron Clouse (Contributor),  Richard Turner (Contributor)","Addison-Wesley Professional; 3rd edition (May 1, 2008)",0321461088,4.3,18,"https://m.media-amazon.com/images/I/51B72SpsGRL._SX395_BO1,204,203,200_.jpg",0321461088,9780321461087
3082,The Art of Software Security Assessment: Identifying and Preventing Software Vulnerabilities (Volume 1 of 2),"Mark Dowd,  John McDonald,  Justin Schuh","Addison-Wesley Professional; 1st edition (January 1, 2006)",0321444426,4.4,63,"https://m.media-amazon.com/images/I/511IRBKdkLL._SX218_BO1,204,203,200_QL40_FMwebp_.jpg",0321444426,9780321444424
3083,The Networking Survival Guide: Get the Success You Want By Tapping Into the People You Know,Diane Darling,"McGraw-Hill; 1st edition (April 14, 2003)",0071409998,4.0,19,"https://m.media-amazon.com/images/I/417E6ABjdML._SX331_BO1,204,203,200_.jpg",0071409998,9780071409995
3084,"EJB Design Patterns: Advanced Patterns, Processes, and Idioms",Floyd Marinescu,"Wiley; 1st edition (March 5, 2002)",0471208310,4.0,34,"https://m.media-amazon.com/images/I/51r7D7ObDgL._SX404_BO1,204,203,200_.jpg",0471208310,9780471208310
3085,"The Art of Software Testing, Second Edition","Glenford J. Myers,  Corey Sandler (Editor),  Tom Badgett (Editor),  Todd M. Thomas (Editor)","Wiley; 2nd edition (June 21, 2004)",0471469122,3.7,14,"https://m.media-amazon.com/images/I/51TU7bxS3XL._SX314_BO1,204,203,200_.jpg",0471469122,9780471469124
3086,Building the Data Warehouse,W. H. Inmon,"Wiley; 4th edition (October 7, 2005)",0764599445,4.6,31,"https://m.media-amazon.com/images/I/41I9yuDNsYL._SX404_BO1,204,203,200_.jpg",0764599445,9780764599446
3087,Introduction to Bioinformatics,Arthur Lesk,"Oxford University Press; 4th edition (January 1, 2014)",0199651566,4.2,23,"https://m.media-amazon.com/images/I/517ulVvQKXL._SX366_BO1,204,203,200_.jpg",0199651566,9780199651566
3088,Fundamentals of Graphics Communication,"Gary Bertoline,  Eric Wiebe,  Nathan Hartman,  William Ross","McGraw Hill; 6th edition (January 13, 2010)",0073522635,4.3,90,"https://m.media-amazon.com/images/I/51r55G9xnWL._SX218_BO1,204,203,200_QL40_FMwebp_.jpg",0073522635,9780073522630
3089,Systems Analysis and Design,"Alan Dennis,  Barbara Wixom,  Roberta M. Roth","Wiley; 7th edition (December 27, 2018)",1119496489,4.2,81,"https://m.media-amazon.com/images/I/41Z0HuDMjmL._SX397_BO1,204,203,200_.jpg",1119496489,9781119496489
3090,iOS Programming: The Big Nerd Ranch Guide,"Christian Keur,  Aaron Hillegass","Big Nerd Ranch Guides; 7th edition (May 5, 2020)",0135264022,4.7,122,"https://m.media-amazon.com/images/I/41DV+Tq+4BL._SX346_BO1,204,203,200_.jpg",0135264022,9780135264027
3091,Computer Science: An Interdisciplinary Approach,"Robert Sedgewick,  Kevin Wayne","Addison-Wesley Professional; 1st edition (June 15, 2016)",0134076427,4.8,75,"https://m.media-amazon.com/images/I/51V1r3+4tIL._SX513_BO1,204,203,200_.jpg",0134076427,9780134076423
3092,"Algorithm Design: Foundations, Analysis, and Internet Examples","Michael T. Goodrich,  Roberto Tamassia","Wiley; 1st edition (October 15, 2001)",0471383651,4.0,118,"https://m.media-amazon.com/images/I/51d8bZMVpSL._SX402_BO1,204,203,200_.jpg",0471383651,9780471383659
3093,Joe Celko's SQL for Smarties: Advanced SQL Programming (The Morgan Kaufmann Series in Data Management Systems),Joe Celko,"Morgan Kaufmann; 5th edition (December 16, 2014)",0128007613,4.3,31,"https://m.media-amazon.com/images/I/51jE1snBanL._SX405_BO1,204,203,200_.jpg",0128007613,9780128007617
3094,The Adult Psychotherapy Progress Notes Planner,Arthur E. Jongsma Jr.,"Wiley; 3rd edition (July 10, 2006)",0471763446,4.6,86,"https://m.media-amazon.com/images/I/51udkKoVxOL._SX218_BO1,204,203,200_QL40_FMwebp_.jpg",0471763446,9780471763444
3096,J2EE Design Patterns Applied,"Matjaz Juric,  Nadia Nashi,  Craig Berry,  Meeraj Kunnumpurath,  John Carnell,  Sasha Romanosky","Apress; 0 edition (June 1, 2002)",1861005288,4.7,8,"https://m.media-amazon.com/images/I/51x0oRIYvuL._SX388_BO1,204,203,200_.jpg",1861005288,9781861005281
3097,"Speech and Language Processing, 2nd Edition","Daniel Jurafsky,  James Martin","Prentice Hall; 2nd edition (May 16, 2008)",0131873210,4.4,59,"https://m.media-amazon.com/images/I/41M9fU8XtVL._SX376_BO1,204,203,200_.jpg",0131873210,9780131873216
3098,Cracking the Coding Interview: 189 Programming Questions and Solutions,Gayle Laakmann McDowell,"CareerCup; 6th edition (July 1, 2015)",0984782850,4.7,8503,"https://m.media-amazon.com/images/I/410hiaPGyCL._SY291_BO1,204,203,200_QL40_FMwebp_.jpg",0984782850,9780984782857
3099,Embedded Systems Firmware Demystified (With CD-ROM),Ed Sutter,"CRC Press (February 1, 2002)",1578200997,4.0,13,"https://m.media-amazon.com/images/I/515zaQcgwOL._SX398_BO1,204,203,200_.jpg",1578200997,9781578200993
3100,Deep Learning (Adaptive Computation and Machine Learning series),"Ian Goodfellow,  Yoshua Bengio,  Aaron Courville","The MIT Press; Illustrated edition (November 18, 2016)",0262035618,4.3,2052,"https://m.media-amazon.com/images/I/61qbj4KwauL._SX378_BO1,204,203,200_.jpg",0262035618,9780262035613
3101,Algorithms (4th Edition),"Robert Sedgewick,  Kevin Wayne","Addison-Wesley Professional; 4th edition (March 24, 2011)",032157351X,4.7,772,"https://m.media-amazon.com/images/I/41a4YqyJv4S._SX218_BO1,204,203,200_QL40_FMwebp_.jpg",032157351X,9780321573513
3102,Indie Game Development Survival Guide (Game Development Series),David Michael,"Charles River Media; 1st edition (August 14, 2003)",1584502142,4.6,14,"https://m.media-amazon.com/images/I/51-t7J2PiRL._SX396_BO1,204,203,200_.jpg",1584502142,9781584502142
3103,MySQL / PHP Database Applications,"Brad Bulger,  Jay Greenspan,  David Wall","Wiley; 2nd edition (October 31, 2003)",0764549634,4.0,39,"https://m.media-amazon.com/images/I/517yxZ0hCrL._SX396_BO1,204,203,200_.jpg",0764549634,9780764549632
3106,Great Communication Secrets of Great Leaders,John Baldoni,"McGraw Hill; 1st edition (July 7, 2003)",0071414967,4.3,33,"https://m.media-amazon.com/images/I/417MmJisRvL._SY291_BO1,204,203,200_QL40_FMwebp_.jpg",0071414967,9780071414968
3107,"Mythical Man-Month, The: Essays on Software Engineering, Anniversary Edition",Frederick Brooks Jr.,"Addison-Wesley Professional; Anniversary edition (August 2, 1995)",0201835959,4.5,1516,"https://m.media-amazon.com/images/I/51Al66uQmcL._SX433_BO1,204,203,200_.jpg",0201835959,9780201835953
3108,Computer Vision: Algorithms and Applications (Texts in Computer Science),Richard Szeliski,"Springer; 2011th edition (October 19, 2010)",1848829345,4.3,100,"https://m.media-amazon.com/images/I/41WUtDtPeTL._SY291_BO1,204,203,200_QL40_FMwebp_.jpg",1848829345,9781848829343
3109,Invitation to Computer Science,"G.Michael Schneider,  Judith Gersting","Cengage Learning; 8th edition (January 1, 2018)",1337561916,4.4,95,"https://m.media-amazon.com/images/I/51eT27dpivL._SX398_BO1,204,203,200_.jpg",1337561916,9781337561914
3110,Practical Art of Motion Picture Sound,David Lewis Yewdall,"Routledge; 4th edition (May 20, 2011)",0240812409,4.5,35,"https://m.media-amazon.com/images/I/51HieDu4kFL._SX394_BO1,204,203,200_.jpg",0240812409,9780240812403
3111,The Data Warehouse Toolkit: The Definitive Guide to Dimensional Modeling,"Ralph Kimball,  Margy Ross","Wiley; 3rd edition (July 1, 2013)",1118530802,4.7,654,"https://m.media-amazon.com/images/I/51z8BBx68GL._SX218_BO1,204,203,200_QL40_FMwebp_.jpg",1118530802,9781118530801
3112,Beginning Microsoft SQL Server 2012 Programming,"Paul Atkinson,  Robert Vieira","Wrox; 1st edition (April 16, 2012)",1118102282,4.5,74,"https://m.media-amazon.com/images/I/51k8DC76IuL._SX397_BO1,204,203,200_.jpg",1118102282,9781118102282
3115,Modern Control Systems,"Richard Dorf,  Robert Bishop","Pearson; 13th edition (January 5, 2016)",0134407628,4.4,93,"https://m.media-amazon.com/images/I/41UEFuyWBzL._SX402_BO1,204,203,200_.jpg",0134407628,9780134407623
3116,A Practical Guide to Information Systems Strategic Planning,Anita Cassidy,"Auerbach Publications; 2nd edition (October 14, 2005)",0849350735,4.2,9,"https://m.media-amazon.com/images/I/41vwBYkHTNL._SX327_BO1,204,203,200_.jpg",0849350735,9780849350733
3117,TCP/IP Protocol Suite (Mcgraw-hill Forouzan Networking),Behrouz A. Forouzan,"McGraw Hill; 4th edition (March 25, 2009)",0073376043,4.3,42,"https://m.media-amazon.com/images/I/51yGaRN9M8L._SX393_BO1,204,203,200_.jpg",0073376043,9780073376042
3119,Uml and the Unified Process and Uml: Practical Object-Oriented Analysis and Design,"Jim Arlow,  Ila Neustadt","Addison-Wesley (January 1, 2001)",0201770601,4.7,13,"https://m.media-amazon.com/images/I/516GBCFM83L._SX218_BO1,204,203,200_QL40_FMwebp_.jpg",0201770601,9780201770605
3121,Pattern Recognition and Machine Learning (Information Science and Statistics),Christopher M. Bishop,"Springer (August 17, 2006)",0387310738,4.5,719,"https://m.media-amazon.com/images/I/51K2ZLj+NuL._SX368_BO1,204,203,200_.jpg",0387310738,9780387310732
3122,"Information Technology for Management: Digital Strategies for Insight, Action, and Sustainable Performance","Efraim Turban,  Carol Pollard,  Gregory Wood","Wiley; 10th edition (December 22, 2014)",1118897781,4.1,138,"https://m.media-amazon.com/images/I/51tjl+acqHL._SX258_BO1,204,203,200_.jpg",1118897781,9781118897782
3123,Artificial Intelligence: A Modern Approach (Pearson Series in Artifical Intelligence),"Stuart Russell,  Peter Norvig","Pearson; 4th edition (April 28, 2020)",0134610997,4.6,404,"https://m.media-amazon.com/images/I/61307FpC-wL._SX218_BO1,204,203,200_QL40_FMwebp_.jpg",0134610997,9780134610993
3125,The Art of 3D Computer Animation and Effects,Isaac Kerlow,"Wiley; 4th Revised & enlarged edition (April 13, 2009)",0470084901,4.6,77,"https://m.media-amazon.com/images/I/51xLo3-uljL._SX409_BO1,204,203,200_.jpg",0470084901,9780470084908
3126,JBoss Administration and Development,"Scott Stark,  Marc Fleury,  The JBoss Group","Sams Publishing (March 20, 2002)",0672323478,3.1,15,"https://m.media-amazon.com/images/I/51M0olhAQRL._SX218_BO1,204,203,200_QL40_FMwebp_.jpg",0672323478,9780672323478
3128,Computer Networks (5th Edition),"Andrew Tanenbaum,  David Wetherall","Pearson; 5th edition (September 27, 2010)",0132126958,4.1,161,"https://m.media-amazon.com/images/I/41bdzcfQKbL._SX384_BO1,204,203,200_.jpg",0132126958,9780132126953
3129,Effective Java,Joshua Bloch,"Addison-Wesley Professional; 3rd edition (December 27, 2017)",0134685997,4.7,1450,"https://m.media-amazon.com/images/I/51X9KwACRbL._SX376_BO1,204,203,200_.jpg",0134685997,9780134685991
3130,Wireless Communications,Andrea Goldsmith,"Cambridge University Press; Illustrated edition (August 8, 2005)",0521837162,4.2,62,"https://m.media-amazon.com/images/I/41TfoToNwtL._SX330_BO1,204,203,200_.jpg",0521837162,9780521837163
3131,An Introduction to MultiAgent Systems,Michael Wooldridge,"Wiley; 2nd edition (June 22, 2009)",0470519460,3.9,23,"https://m.media-amazon.com/images/I/516-e9FmDjL._SX404_BO1,204,203,200_.jpg",0470519460,9780470519462
3132,Information Technology Project Management: Providing Measurable Organizational Value,Jack T. Marchewka,"Wiley; 4th edition (February 21, 2012)",1118057635,3.9,22,"https://m.media-amazon.com/images/I/5178HUAtTXL._SX393_BO1,204,203,200_.jpg",1118057635,9781118057636
3134,Real Web Project Management: Case Studies and Best Practices from the Trenches,"Thomas J. Shelford,  Gregory A. Remillard","Addison-Wesley Professional (January 1, 2002)",0321112555,3.8,15,"https://m.media-amazon.com/images/I/41J36GW2S9L._SX397_BO1,204,203,200_.jpg",0321112555,9780321112552
3137,Database Administration: The Complete Guide to Practices and Procedures,Craig S. Mullins,"Addison-Wesley Professional; 1st edition (January 1, 2002)",0201741296,4.0,21,"https://m.media-amazon.com/images/I/51zn9+Y-ynL._SX397_BO1,204,203,200_.jpg",0201741296,9780201741292
3138,"Introduction to Software Engineering Design: Processes, Principles and Patterns with UML2",Christopher Fox,"Pearson; 1st edition (May 2, 2006)",0321410130,4.4,11,"https://m.media-amazon.com/images/I/514idj8MNrL._SX218_BO1,204,203,200_QL40_FMwebp_.jpg",0321410130,9780321410139
3140,"Calculate with Confidence (Morris, Calculate with Confidence)",Deborah C. Morris RN  BSN  MA  LNC,"Mosby; 6th edition (October 8, 2013)",0323089313,4.6,545,"https://m.media-amazon.com/images/I/51CnDj6diXL._SX391_BO1,204,203,200_.jpg",0323089313,9780323089319
3141,Introduction to Management Science: A Modeling and Case Studies Approach With Spreadsheets,Frederick Hillier,"Irwin Professional Pub; 4th edition (January 1, 2010)",007809660X,4.8,17,"https://m.media-amazon.com/images/I/41IEUgmssWS._SY498_BO1,204,203,200_.jpg",007809660X,9780078096600
3142,"C Programming Language, 2nd Edition","Brian W. Kernighan,  Dennis M. Ritchie","Pearson; 2nd edition (March 22, 1988)",0131103628,4.7,3849,"https://m.media-amazon.com/images/I/51lghiFv59L._SX218_BO1,204,203,200_QL40_FMwebp_.jpg",0131103628,9780131103627
3144,Software Quality Assurance: From Theory to Implementation,Daniel Galin,"Pearson College Div; 1st edition (January 1, 2003)",0201709457,4.1,19,"https://m.media-amazon.com/images/I/31EwuZlnJlL._BO1,204,203,200_QL40_FMwebp_.jpg",0201709457,9780201709452
3145,Computer Organization and Embedded Systems,"Carl Hamacher,  Zvonko Vranesic,  Safwat Zaky,  Naraig Manjikian","McGraw Hill; 6th edition (January 27, 2011)",0073380652,4.4,67,"https://m.media-amazon.com/images/I/51TH9G5u8wL._SX402_BO1,204,203,200_.jpg",0073380652,9780073380650
3146,Refactoring: Improving the Design of Existing Code (2nd Edition) (Addison-Wesley Signature Series (Fowler)),Martin Fowler,"Addison-Wesley Professional; 2nd edition (November 30, 2018)",0134757599,4.7,941,"https://m.media-amazon.com/images/I/41trAWIzKAL._SX401_BO1,204,203,200_.jpg",0134757599,9780134757599
3147,Programming Pearls,Jon Bentley,"Addison-Wesley Professional; 2nd edition (September 27, 1999)",0201657880,4.4,362,"https://m.media-amazon.com/images/I/21-ntsLNiiL._SY291_BO1,204,203,200_QL40_FMwebp_.jpg",0201657880,9780201657883
3148,Human-Computer Interaction,"Alan Dix,  Janet E. Finlay,  Gregory D. Abowd,  Russell Beale","Pearson; 3rd edition (September 30, 2003)",0130461091,4.2,53,"https://m.media-amazon.com/images/I/51Pt-267vWL._SX218_BO1,204,203,200_QL40_FMwebp_.jpg",0130461091,9780130461094
3150,Beginning Programming with Java For Dummies,Barry Burd,"For Dummies; 5th edition (July 24, 2017)",1119235537,4.5,377,"https://m.media-amazon.com/images/I/51JIsH2gjsL._SX218_BO1,204,203,200_QL40_FMwebp_.jpg",1119235537,9781119235538
3152,Software Process Dynamics,Raymond J.  Madachy,"Wiley-IEEE Press; 1st edition (January 28, 2008)",0471274550,4.3,3,"https://m.media-amazon.com/images/I/41y7LksNc5L._SX313_BO1,204,203,200_.jpg",0471274550,9780471274551
3153,Data Structures and Algorithms in C++,"Michael T. Goodrich,  Roberto Tamassia,  David M. Mount","Wiley; 2nd edition (February 22, 2011)",0470383275,4.5,62,"https://m.media-amazon.com/images/I/61OYLOmRs7L._SX403_BO1,204,203,200_.jpg",0470383275,9780470383278
3154,The World Almanac and Book of Facts 2004,Editors of World Almanac,"World Almanac; First Edition (December 5, 2003)",0886879108,4.9,20,"https://m.media-amazon.com/images/I/41jyaR2qjnL._SX257_BO1,204,203,200_.jpg",0886879108,9780886879105
3156,Instant Sales (Instant Success Series),"Bradley Sugars,  Brad Sugars","McGraw Hill; 1st edition (January 9, 2006)",0071466649,4.0,38,"https://m.media-amazon.com/images/I/51rwcupGOvL._SY291_BO1,204,203,200_QL40_FMwebp_.jpg",0071466649,9780071466646
3157,"Database Systems: A Practical Approach to Design, Implementation, and Management","Thomas Connolly,  Carolyn Begg","Pearson; 6th edition (January 8, 2014)",0132943263,4.3,168,"https://m.media-amazon.com/images/I/51D2Yi6SocL._SX395_BO1,204,203,200_.jpg",0132943263,9780132943260
3159,Multiple View Geometry in Computer Vision,"Richard Hartley,  Andrew Zisserman","Cambridge University Press; 2nd edition (April 19, 2004)",0521540518,4.8,104,"https://m.media-amazon.com/images/I/41nXHrbWq-L._SY291_BO1,204,203,200_QL40_FMwebp_.jpg",0521540518,9780521540513
3160,"Satellite Communications, Fourth Edition (Professional Engineering)",Dennis Roddy,"McGraw Hill; 4th edition (February 10, 2006)",0071462988,4.7,66,"https://m.media-amazon.com/images/I/510ubqkkKEL._SX312_BO1,204,203,200_.jpg",0071462988,9780071462983
3161,"Introduction to Logic Design, 3rd Edition",Alan B. Marcovitz,"McGraw-Hill; 3rd edition (January 9, 2009)",0073191647,4.3,66,"https://m.media-amazon.com/images/I/516NwD5K9qL._SX403_BO1,204,203,200_.jpg",0073191647,9780073191645
3162,McAd/McSd: Developing and Implementing Windows-Based Applications With Visual Basic.Net and Visual Studio.Net : Exam 70-306 : Training Guide,"Mike Gunderloy,  Ed Tittel (Editor)","Que Pub (January 1, 2002)",0789728192,4.1,16,"https://m.media-amazon.com/images/I/51hdKFjasvL._SX431_BO1,204,203,200_.jpg",0789728192,9780789728197
3163,Computer Organization and Design RISC-V Edition: The Hardware Software Interface (The Morgan Kaufmann Series in Computer Architecture and Design),"David A. Patterson,  John L. Hennessy","Morgan Kaufmann; 1st edition (April 27, 2017)",0128122757,4.4,105,"https://m.media-amazon.com/images/I/51qsP-4TR3L._SX403_BO1,204,203,200_.jpg",0128122757,9780128122754
3164,Software Engineering,Ian Sommerville,"Pearson; 10th edition (March 24, 2015)",0133943038,4.3,153,"https://m.media-amazon.com/images/I/51kBNGqyF9L._SX401_BO1,204,203,200_.jpg",0133943038,9780133943030
3165,Computing Essentials 2008 Introductory Edition,"Timothy O'Leary,  Linda O'Leary","McGraw-Hill; 19th edition (February 22, 2007)",0073294683,4.6,14,"https://m.media-amazon.com/images/I/41PPJJJFTZL._SX389_BO1,204,203,200_.jpg",0073294683,9780073294681
3166,"An Introduction to Categorical Data Analysis, 3rd Edition (Wiley Series in Probability and Statistics)",Agresti,"Wiley; 3rd edition (November 5, 2018)",1119405262,4.4,54,"https://m.media-amazon.com/images/I/41CrM1tMxGL._SX330_BO1,204,203,200_.jpg",1119405262,9781119405269
3168,English Idioms in Use Intermediate (Vocabulary in Use),"Michael McCarthy,  Felicity O'Dell","Cambridge University Press; 1st edition (October 28, 2002)",0521789575,4.4,97,"https://m.media-amazon.com/images/I/312S8Y8vZ8L._SY498_BO1,204,203,200_.jpg",0521789575,9780521789578
3169,Fundamentals of Queueing Theory,"Donald Gross,  John F. Shortle,  James M. Thompson,  Carl M. Harris","Wiley-Interscience; 4th edition (August 11, 2008)",047179127X,4.7,13,"https://m.media-amazon.com/images/I/41Vj0hAuKGL._SX218_BO1,204,203,200_QL40_FMwebp_.jpg",047179127X,9780471791270
3170,Computer Graphics: Principles and Practice,"John Hughes,  Andries van Dam,  Morgan McGuire,  David Sklar,  James Foley,  Steven Feiner,  Kurt Akeley","Addison-Wesley Professional; 3rd edition (July 10, 2013)",0321399528,4.0,40,"https://m.media-amazon.com/images/I/51vE73W+5mL._SX258_BO1,204,203,200_.jpg",0321399528,9780321399526
3173,Learning Bayesian Networks,Richard E. Neapolitan,"Pearson (May 24, 2019)",0130125342,4.7,9,,0130125342,9780130125347
3174,Construction Project Management,"Frederick Gould,  Nancy Joyce","Pearson; 4th edition (June 18, 2013)",0132877244,4.4,96,,0132877244,9780132877244
3186,Advanced Data Structures,Peter Brass,"Cambridge University Press; Illustrated edition (September 8, 2008)",0521880378,4.0,27,,0521880378,9780521880374
3195,An Introduction to Object-Oriented Analysis: Objects and UML in Plain English,David William Brown,"Wiley; 2nd edition (July 23, 2001)",0471371378,3.4,6,,0471371378,9780471371373
3197,Digital Signal Processing,"Alan V. Oppenheim,  Ronald W. Schafer","Pearson; 1st edition (January 12, 1975)",0132146355,4.5,28,,0132146355,9780132146357
